{
  "rows": [
    {
      "fname": "Him12111,\r\nAB,\r\nABC",
      "email": "admintestglowsun.io,\r\nadmintest@glowsu.io",
      "mobile": "898687678,\r\n7872626755\r\n   ",
      "Totalseat": "0,\r\n3",
      "notify": 0,
      "GSTIN": "787686876862#@2,\r\n07AABCI2726B1Z4",
      "Orgname": "12,\r\nCrystal World Solar",
      "addline1": "!1,\r\nHoli chowk ",
      "addline2": "67:\r\nGandhinagar, Rampuri,Delhi-5",
      "city": "$$,\r\nDelhi",
      "state": "Delhi",
      "pincode": "2312,\r\n251002,\r\n110012",
      "photo": 0
    },
    {
      "fname": "##!(2111,\r\nRa,\r\nRaman",
      "email": "aman@121gmail..com,\r\naman@121gmail.com",
      "mobile": "787878786,\r\n7878787862",
      "Totalseat": "21,\r\n20",
      "notify": 1,
      "GSTIN": "07AABC##$1Z4112,\r\n07AABJHJD6B1Z41",
      "Orgname": "(),\r\nUNIFY SOLAR",
      "addline1": "#$,\r\nBegrajpur",
      "addline2": "MU:\r\nMuzaffarnagar",
      "city": "<>,\r\nMZN",
      "state": "Uttar Pradesh",
      "pincode": "12121,\r\n560011,\r\n250002",
      "photo": 1
    },
    {
      "fname": "Ram9791,\r\na,\r\nRam",
      "email": "avni89@oulook.,\r\navni89@oulook.hotmail",
      "mobile": "122111222,\r\n1221122231",
      "Totalseat": "0,\r\n2",
      "notify": 1,
      "GSTIN": "HASHJHD12__JEE,\r\nHASHJHD12878787",
      "Orgname": "##,\r\nHomeScape by Amplus Solar",
      "addline1": "__,\r\nKalkaji Mandir",
      "addline2": "S1:\r\nNear, DAV inter College, Aarya Samaajh Road,Khatuli",
      "city": "qq,\r\nBangalore",
      "state": "Karnataka",
      "pincode": "123,\r\n110002,\r\n560037",
      "photo": 0
    },
    {
      "fname": "Ikra__,\r\nee,\r\nIkra   khan",
      "email": "89avni@oulookhotmail,\r\ndeepeekrabdisamoddhkdhd199@gmail.com",
      "mobile": "897455.022,\r\n8974552211",
      "Totalseat": "22,\r\n4",
      "notify": 0,
      "GSTIN": "233433^*HKJHH,\r\n6AAACC4175D21ZZ",
      "Orgname": "A%,\r\nMedors Renewable Energy",
      "addline1": "^&,\r\nKalkaji Mandir",
      "addline2": "(*:\r\nGeeta Colony",
      "city": "78,\r\nDelhi",
      "state": "Delhi",
      "pincode": "223,\r\n400012,\r\n110010",
      "photo": 1
    },
    {
      "fname": "This user has %# fiftycharacters as full name rand,\r\nw,\r\nThis user has fifty characters as full name random",
      "email": ".ram@yahoo.co.in,\r\nram@yahoo.co.in",
      "mobile": "898890,\r\n8988901111",
      "Totalseat": "25,\r\n11",
      "notify": 1,
      "GSTIN": "83786JGGGKJK,\r\n83786JGGG36JKJK",
      "Orgname": "%%,\r\nUR Solar",
      "addline1": "     ,\r\nKalkaji Mandir",
      "addline2": "B2:\r\nB-21, New Vihar,Near ABC School",
      "city": "``,\r\nMumbai",
      "state": "Maharashtra",
      "pincode": "4512,\r\n740101,\r\n400011",
      "photo": 0
    },
    {
      "fname": "        ,\r\nvb,\r\nAashish",
      "email": "himan1211gmai@.com,\r\nhiman1211@gmail.com",
      "mobile": "56511112,\r\n8251111111",
      "Totalseat": "0,\r\n1",
      "notify": 0,
      "GSTIN": "27657585775JG-2,\r\n24AAACC4175D1Z4",
      "Orgname": "1 ,\r\nSolarOcta Energy Services LLP",
      "addline1": ":,\r\nHoli chowk ",
      "addline2": "&&:\r\nGandhinagar,Rampuri,Muzaffarnagar",
      "city": "DE,\r\nAndra Pradesh",
      "state": "Andhra Pradesh",
      "pincode": "22211,\r\n251012,\r\n532001",
      "photo": 1
    },
    {
      "fname": "Singh(::),\r\nII,\r\nAdil Faiz",
      "email": "palravan121qq@com.com..,\r\npalravan121qq@com.com",
      "mobile": "2331,\r\n7675400000",
      "Totalseat": "21,\r\n10",
      "notify": 0,
      "GSTIN": "7AAC41gjhjghf11,\r\n7AAACC4175D1Z00",
      "Orgname": "    ,\r\nAzure Power",
      "addline1": "//,\r\nGhanta ghar A-B block",
      "addline2": "<>:\r\nChowdhary charan singh University Meerut",
      "city": "^^,\r\nChandgarh",
      "state": "Chandigarh",
      "pincode": "11,\r\n000000,\r\n160001",
      "photo": 1
    }
  ]
}