{
  "rows": [
    {
      "fname": "Him12111,\r\nAB,\r\nABC",
      "email": "admintestglowsun.io,\r\nadmintest@glowsun.io.in,\r\nqw",
      "mobile": "898687678,\r\n7872626700\r\n   ",
      "notify": 0,
      "GSTIN": "787686876862##$,\r\n07AABCI2726B1Z1",
      "Orgname": "12,\r\nCrystal World Solar",
      "addline1": "!1,\r\nHoli chowk ",
      "addline2": "67:\r\nGandhinagar, Rampuri,Maharashtra-5",
      "city": "$$,\r\nMumbai",
      "state": "Maharashtra",
      "pincode": "2312,\r\n251002,\r\n400009",
      "photo": 0,
      "searchlead": "admintest@glowsu.io"
    },
    {
      "fname": "##!(2111,\r\nRa,\r\nRaman",
      "email": "aman@121gmail..com,\r\naman@121871gmail.com,\r\nadmintest@glowsun.io.in",
      "mobile": "787878786,\r\n7878787822",
      "notify": 1,
      "GSTIN": "07AABC##$1Z41,\r\n107AABJHJD6B1Z1",
      "Orgname": "(),\r\nUNIFY SOLAR",
      "addline1": "#$,\r\nBegrajpur",
      "addline2": "MU:\r\nGujarat",
      "city": "<>,\r\nSurat",
      "state": "Gujarat",
      "pincode": "12121,\r\n560011,\r\n361003",
      "photo": 1,
      "searchlead": "aman@121gmail.com"
    },
    {
      "fname": "Ram9791,\r\na,\r\nRam",
      "email": "avni89@oulook.,\r\navni89@oulook.com,\r\nq",
      "mobile": "122111222,\r\n1221122231,\r\n7878787822",
      "notify": 1,
      "GSTIN": "HASHJHD12__JEE,\r\nHJN7AABJHJD6B62",
      "Orgname": "##,\r\nHomeScape by Amplus Solar",
      "addline1": "__,\r\nKalkaji Mandir",
      "addline2": "S1:\r\nNear, DAV inter College, Aarya Samaajh Road,Khatuli",
      "city": "qq,\r\nBangalore",
      "state": "Karnataka",
      "pincode": "123,\r\n110002,\r\n560037",
      "photo": 0,
      "searchlead": "avni89@oulook.hotmail"
    },
    {
      "fname": "Ikra__,\r\nee,\r\nIkra   khan",
      "email": "89avni@oulookhotmail,\r\ndeepeekrabdisamoddhkdhd199!22@gmail.com,\r\n12",
      "mobile": "897455.022,\r\n8974552210",
      "notify": 0,
      "GSTIN": "233433^*HKJHH,\r\n107AABJHJ76B1Z0",
      "Orgname": "A%,\r\nMedors Renewable Energy",
      "addline1": "^&,\r\nKalkaji Mandir",
      "addline2": "(*:\r\nGeeta Colony",
      "city": "78,\r\nDelhi",
      "state": "Delhi",
      "pincode": "223,\r\n400012,\r\n110010",
      "photo": 1,
      "searchlead": "deepeekrabdisamoddhkdhd199@gmail.com"
    },
    {
      "fname": "This user has %# fiftycharacters as full name rand,\r\nw,\r\nThis user has fifty characters as full name random",
      "email": ".ram@yahoo.co.in,\r\nram@yahoo.bk,\r\n1",
      "mobile": "898890,\r\n8988902111",
      "notify": 1,
      "GSTIN": "83786JGGGKJK,\r\n83786JGGG36JKJK",
      "Orgname": "%%,\r\nUR Solar",
      "addline1": "     ,\r\nKalkaji Mandir",
      "addline2": "B2:\r\nB-21, New Vihar,Near ABC School",
      "city": "``,\r\nKolkata",
      "state": "West Bengal",
      "pincode": "4512,\r\n740101,\r\n700012",
      "photo": 0,
      "searchlead": "ram@yahoo.co.in"
    },
    {
      "fname": "        ,\r\nvb,\r\nAashish",
      "email": "himan1211gmai@.com,\r\nhiman1211@gmail.com.jj,\r\nd",
      "mobile": "56511112,\r\n8251111211",
      "notify": 0,
      "GSTIN": "27657585775JG-,\r\n24AAACC4175D1Z4",
      "Orgname": "1 ,\r\nSolarOcta Energy Services LLP",
      "addline1": ":,\r\nHoli chowk ",
      "addline2": "&&:\r\nGandhinagar,Rampuri",
      "city": "DE,\r\nAndra Pradesh",
      "state": "Andhra Pradesh",
      "pincode": "22211,\r\n251012,\r\n532001",
      "photo": 1,
      "searchlead": "himan1211@gmail.com"
    },
    {
      "fname": "Singh(::),\r\nII,\r\nAdil Faiz",
      "email": "palravan121qq@com.com..,\r\npalravan121jj@com.com.in,\r\nw",
      "mobile": "2331,\r\n7675420000",
      "notify": 0,
      "GSTIN": "7AAC41gjhjghf11,\r\n7AAACC4175D1Z00",
      "Orgname": "    ,\r\nAzure Power",
      "addline1": "//,\r\nGhanta ghar A-B block",
      "addline2": "<>:\r\nChowdhary charan singh University ",
      "city": "^^,\r\nChandigarh",
      "state": "Chandigarh",
      "pincode": "11,\r\n000000,\r\n160001",
      "photo": 1,
      "searchlead": "palravan121qq@com.com"
    }
  ]
}