{
  "rows": [
    {
      "Homeowners": "Homeowner25",
      "State": "Delhi",
      "Pincode": 110032,
      "Electricity_Bill": 2742,
      "No_of_People": 4,
      "Roof_area": 610,
      "Floor": "Fourth",
      "UPS_Power_Backup": "No",
      "Supply_phase": "Single Phase",
      "Dishwasher": "No",
      "Induction_stove": "Yes",
      "Microwave_oven": "No",
      "Geysers": "Yes",
      "Run_simultaneously": 1,
      "AC_Heaters": "Yes",
      "Run_Simultaneously": 1
    },
    {
      "Homeowners": "Homeowner26",
      "State": "West Bengal",
      "Pincode": 700023,
      "Electricity_Bill": 2869,
      "No_of_People": 5,
      "Roof_area": 160,
      "Floor": "Second",
      "UPS_Power_Backup": "Yes",
      "Supply_phase": "Single Phase",
      "Dishwasher": "No",
      "Induction_stove": "No",
      "Microwave_oven": "Yes",
      "Geysers": "Yes",
      "Run_simultaneously": 1,
      "AC_Heaters": "No"
    },
    {
      "Homeowners": "Homeowner27",
      "State": "West Bengal",
      "Pincode": 700011,
      "Electricity_Bill": 10289,
      "No_of_People": 5,
      "Roof_area": 600,
      "Floor": "First",
      "UPS_Power_Backup": "Yes",
      "Supply_phase": "3-Phase",
      "Dishwasher": "Yes",
      "Induction_stove": "No",
      "Microwave_oven": "No",
      "Geysers": "No",
      "AC_Heaters": "Yes",
      "Run_Simultaneously": 2
    },
    {
      "Homeowners": "Homeowner28",
      "State": "West Bengal",
      "Pincode": 700008,
      "Electricity_Bill": 7999,
      "No_of_People": 3,
      "Roof_area": 470,
      "Floor": "Third",
      "UPS_Power_Backup": "No",
      "Supply_phase": "Single Phase",
      "Dishwasher": "No",
      "Induction_stove": "No",
      "Microwave_oven": "No",
      "Geysers": "No",
      "AC_Heaters": "Yes",
      "Run_Simultaneously": 1
    },
    {
      "Homeowners": "Homeowner29",
      "State": "West Bengal",
      "Pincode": 700002,
      "Electricity_Bill": 4500,
      "No_of_People": 3,
      "Roof_area": 199,
      "Floor": "First",
      "UPS_Power_Backup": "Yes",
      "Supply_phase": "Single Phase",
      "Dishwasher": "No",
      "Induction_stove": "Yes",
      "Microwave_oven": "No",
      "Geysers": "Yes",
      "Run_simultaneously": 2,
      "AC_Heaters": "Yes",
      "Run_Simultaneously": 2
    },
    {
      "Homeowners": "Homeowner30",
      "State": "West Bengal",
      "Pincode": 700074,
      "Electricity_Bill": 3900,
      "No_of_People": 5,
      "Roof_area": 710,
      "Floor": "Fourth",
      "UPS_Power_Backup": "No",
      "Supply_phase": "Single Phase",
      "Dishwasher": "Yes",
      "Induction_stove": "Yes",
      "Microwave_oven": "Yes",
      "Geysers": "Yes",
      "Run_simultaneously": 1,
      "AC_Heaters": "Yes",
      "Run_Simultaneously": 1
    }
  ]
}