{
  "rows": [
    {
      "Homeowners": "Homeowner1",
      "Pincode": 110071,
      "Electricity_Bill": 7892,
      "No_of_People": 1,
      "UPS_Power_Backup": "No",
      "Dishwasher": "No",
      "Induction_stove": "Yes",
      "Microwave_oven": "Yes",
      "Geysers": "Yes",
      "Run_simultaneously": 1,
      "AC_Heaters": "No"
    },
    {
      "Homeowners": "Homeowner2",
      "Pincode": 110026,
      "Electricity_Bill": 6780,
      "No_of_People": 4,
      "UPS_Power_Backup": "Yes",
      "Dishwasher": "Yes",
      "Induction_stove": "Yes",
      "Microwave_oven": "Yes",
      "Geysers": "Yes",
      "Run_simultaneously": 2,
      "AC_Heaters": "Yes",
      "Run_Simultaneously": 2
    },
    {
      "Homeowners": "Homeowner3",
      "Pincode": 110021,
      "Electricity_Bill": 8000,
      "No_of_People": 7,
      "UPS_Power_Backup": "Yes",
      "Dishwasher": "Yes",
      "Induction_stove": "No",
      "Microwave_oven": "Yes",
      "Geysers": "Yes",
      "Run_simultaneously": 1,
      "AC_Heaters": "Yes",
      "Run_Simultaneously": 3
    },
    {
      "Homeowners": "Homeowner4",
      "Pincode": 110032,
      "Electricity_Bill": 5400,
      "No_of_People": 6,
      "UPS_Power_Backup": "Yes",
      "Dishwasher": "No",
      "Induction_stove": "No",
      "Microwave_oven": "Yes",
      "Geysers": "Yes",
      "Run_simultaneously": 3,
      "AC_Heaters": "Yes",
      "Run_Simultaneously": 1
    },
    {
      "Homeowners": "Homeowner5",
      "Pincode": 110045,
      "Electricity_Bill": 9898,
      "No_of_People": 8,
      "UPS_Power_Backup": "Yes",
      "Dishwasher": "Yes",
      "Induction_stove": "Yes",
      "Microwave_oven": "Yes",
      "Geysers": "Yes",
      "Run_simultaneously": 2,
      "AC_Heaters": "Yes",
      "Run_Simultaneously": 3
    },
    {
      "Homeowners": "Homeowner6",
      "Pincode": 110021,
      "Electricity_Bill": 3333,
      "No_of_People": 5,
      "UPS_Power_Backup": "Yes",
      "Dishwasher": "No",
      "Induction_stove": "Yes",
      "Microwave_oven": "No",
      "Geysers": "No",
      "AC_Heaters": "Yes",
      "Run_Simultaneously": 2
    },
    {
      "Homeowners": "Homeowner7",
      "Pincode": 110063,
      "Electricity_Bill": 2960,
      "No_of_People": 4,
      "UPS_Power_Backup": "No",
      "Dishwasher": "No",
      "Induction_stove": "No",
      "Microwave_oven": "Yes",
      "Geysers": "Yes",
      "Run_simultaneously": 2,
      "AC_Heaters": "No"
    },
    {
      "Homeowners": "Homeowner8",
      "Pincode": 110048,
      "Electricity_Bill": 5500,
      "No_of_People": 3,
      "UPS_Power_Backup": "Yes",
      "Dishwasher": "Yes",
      "Induction_stove": "Yes",
      "Microwave_oven": "No",
      "Geysers": "Yes",
      "Run_simultaneously": 1,
      "AC_Heaters": "Yes",
      "Run_Simultaneously": 1
    },
    {
      "Homeowners": "Homeowner9",
      "Pincode": 110012,
      "Electricity_Bill": 18000,
      "No_of_People": 10,
      "UPS_Power_Backup": "Yes",
      "Dishwasher": "Yes",
      "Induction_stove": "No",
      "Microwave_oven": "No",
      "Geysers": "Yes",
      "Run_simultaneously": 3,
      "AC_Heaters": "Yes",
      "Run_Simultaneously": 3
    },
    {
      "Homeowners": "Homeowner10",
      "Pincode": 110052,
      "Electricity_Bill": 10682,
      "No_of_People": 6,
      "UPS_Power_Backup": "No",
      "Dishwasher": "No",
      "Induction_stove": "No",
      "Microwave_oven": "Yes",
      "Geysers": "Yes",
      "Run_simultaneously": 1,
      "AC_Heaters": "Yes",
      "Run_Simultaneously": 2
    },
    {
      "Homeowners": "Homeowner11",
      "Pincode": 110073,
      "Electricity_Bill": 8721,
      "No_of_People": 8,
      "UPS_Power_Backup": "Yes",
      "Dishwasher": "No",
      "Induction_stove": "Yes",
      "Microwave_oven": "No",
      "Geysers": "No",
      "AC_Heaters": "Yes",
      "Run_Simultaneously": 3
    },
    {
      "Homeowners": "Homeowner12",
      "Pincode": 110008,
      "Electricity_Bill": 9330,
      "No_of_People": 9,
      "UPS_Power_Backup": "Yes",
      "Dishwasher": "Yes",
      "Induction_stove": "Yes",
      "Microwave_oven": "Yes",
      "Geysers": "Yes",
      "Run_simultaneously": 3,
      "AC_Heaters": "Yes",
      "Run_Simultaneously": 2
    },
    {
      "Homeowners": "Homeowner13",
      "Pincode": 110036,
      "Electricity_Bill": 4500,
      "No_of_People": 3,
      "UPS_Power_Backup": "Yes",
      "Dishwasher": "Yes",
      "Induction_stove": "Yes",
      "Microwave_oven": "No",
      "Geysers": "No",
      "AC_Heaters": "Yes",
      "Run_Simultaneously": 2
    },
    {
      "Homeowners": "Homeowner14",
      "Pincode": 110081,
      "Electricity_Bill": 11280,
      "No_of_People": 4,
      "UPS_Power_Backup": "Yes",
      "Dishwasher": "Yes",
      "Induction_stove": "Yes",
      "Microwave_oven": "No",
      "Geysers": "Yes",
      "Run_simultaneously": 1,
      "AC_Heaters": "Yes",
      "Run_Simultaneously": 3
    },
    {
      "Homeowners": "Homeowner15",
      "Pincode": 400005,
      "Electricity_Bill": 11600,
      "No_of_People": 9,
      "UPS_Power_Backup": "Yes",
      "Dishwasher": "No",
      "Induction_stove": "No",
      "Microwave_oven": "Yes",
      "Geysers": "Yes",
      "Run_simultaneously": 1,
      "AC_Heaters": "Yes",
      "Run_Simultaneously": 3
    },
    {
      "Homeowners": "Homeowner16",
      "Pincode": 400004,
      "Electricity_Bill": 7810,
      "No_of_People": 6,
      "UPS_Power_Backup": "Yes",
      "Dishwasher": "Yes",
      "Induction_stove": "No",
      "Microwave_oven": "No",
      "Geysers": "No",
      "AC_Heaters": "Yes",
      "Run_Simultaneously": 1
    },
    {
      "Homeowners": "Homeowner17",
      "Pincode": 400050,
      "Electricity_Bill": 2600,
      "No_of_People": 5,
      "UPS_Power_Backup": "No",
      "Dishwasher": "No",
      "Induction_stove": "No",
      "Microwave_oven": "Yes",
      "Geysers": "Yes",
      "Run_simultaneously": 1,
      "AC_Heaters": "No"
    },
    {
      "Homeowners": "Homeowner18",
      "Pincode": 251002,
      "Electricity_Bill": 3200,
      "No_of_People": 2,
      "UPS_Power_Backup": "Yes",
      "Dishwasher": "No",
      "Induction_stove": "No",
      "Microwave_oven": "Yes",
      "Geysers": "Yes",
      "Run_simultaneously": 1,
      "AC_Heaters": "Yes",
      "Run_Simultaneously": 2
    },
    {
      "Homeowners": "Homeowner19",
      "Pincode": 400018,
      "Electricity_Bill": 2300,
      "No_of_People": 12,
      "UPS_Power_Backup": "No",
      "Dishwasher": "No",
      "Induction_stove": "No",
      "Microwave_oven": "Yes",
      "Geysers": "Yes",
      "Run_simultaneously": 1,
      "AC_Heaters": "No"
    },
    {
      "Homeowners": "Homeowner20",
      "Pincode": 400008,
      "Electricity_Bill": 3890,
      "No_of_People": 4,
      "UPS_Power_Backup": "Yes",
      "Dishwasher": "Yes",
      "Induction_stove": "Yes",
      "Microwave_oven": "No",
      "Geysers": "No",
      "AC_Heaters": "Yes",
      "Run_Simultaneously": 1
    },
    {
      "Homeowners": "Homeowner21",
      "Pincode": 110008,
      "Electricity_Bill": 1450,
      "No_of_People": 1,
      "UPS_Power_Backup": "Yes",
      "Dishwasher": "No",
      "Induction_stove": "No",
      "Microwave_oven": "No",
      "Geysers": "Yes",
      "Run_simultaneously": 1,
      "AC_Heaters": "No"
    },
    {
      "Homeowners": "Homeowner22",
      "Pincode": 110071,
      "Electricity_Bill": 1899,
      "No_of_People": 4,
      "UPS_Power_Backup": "No",
      "Dishwasher": "Yes",
      "Induction_stove": "No",
      "Microwave_oven": "Yes",
      "Geysers": "No",
      "AC_Heaters": "Yes",
      "Run_Simultaneously": 2
    },
    {
      "Homeowners": "Homeowner23",
      "Pincode": 110026,
      "Electricity_Bill": 6600,
      "No_of_People": 2,
      "UPS_Power_Backup": "No",
      "Dishwasher": "No",
      "Induction_stove": "No",
      "Microwave_oven": "No",
      "Geysers": "No",
      "AC_Heaters": "No"
    },
    {
      "Homeowners": "Homeowner24",
      "Pincode": 110021,
      "Electricity_Bill": 3829,
      "No_of_People": 6,
      "UPS_Power_Backup": "Yes",
      "Dishwasher": "Yes",
      "Induction_stove": "Yes",
      "Microwave_oven": "Yes",
      "Geysers": "Yes",
      "Run_simultaneously": 1,
      "AC_Heaters": "Yes",
      "Run_Simultaneously": 2
    },
    {
      "Homeowners": "Homeowner25",
      "Pincode": 110032,
      "Electricity_Bill": 2742,
      "No_of_People": 4,
      "UPS_Power_Backup": "No",
      "Dishwasher": "No",
      "Induction_stove": "Yes",
      "Microwave_oven": "No",
      "Geysers": "Yes",
      "Run_simultaneously": 1,
      "AC_Heaters": "Yes",
      "Run_Simultaneously": 1
    },
    {
      "Homeowners": "Homeowner26",
      "Pincode": 700023,
      "Electricity_Bill": 2869,
      "No_of_People": 5,
      "UPS_Power_Backup": "Yes",
      "Dishwasher": "No",
      "Induction_stove": "No",
      "Microwave_oven": "Yes",
      "Geysers": "Yes",
      "Run_simultaneously": 1,
      "AC_Heaters": "No"
    },
    {
      "Homeowners": "Homeowner27",
      "Pincode": 700011,
      "Electricity_Bill": 10289,
      "No_of_People": 5,
      "UPS_Power_Backup": "Yes",
      "Dishwasher": "Yes",
      "Induction_stove": "No",
      "Microwave_oven": "No",
      "Geysers": "No",
      "AC_Heaters": "Yes",
      "Run_Simultaneously": 2
    },
    {
      "Homeowners": "Homeowner28",
      "Pincode": 700008,
      "Electricity_Bill": 7999,
      "No_of_People": 3,
      "UPS_Power_Backup": "No",
      "Dishwasher": "No",
      "Induction_stove": "No",
      "Microwave_oven": "No",
      "Geysers": "No",
      "AC_Heaters": "Yes",
      "Run_Simultaneously": 1
    },
    {
      "Homeowners": "Homeowner29",
      "Pincode": 700002,
      "Electricity_Bill": 4500,
      "No_of_People": 3,
      "UPS_Power_Backup": "Yes",
      "Dishwasher": "No",
      "Induction_stove": "Yes",
      "Microwave_oven": "No",
      "Geysers": "Yes",
      "Run_simultaneously": 2,
      "AC_Heaters": "Yes",
      "Run_Simultaneously": 2
    },
    {
      "Homeowners": "Homeowner30",
      "Pincode": 700074,
      "Electricity_Bill": 3900,
      "No_of_People": 5,
      "UPS_Power_Backup": "No",
      "Dishwasher": "Yes",
      "Induction_stove": "Yes",
      "Microwave_oven": "Yes",
      "Geysers": "Yes",
      "Run_simultaneously": 1,
      "AC_Heaters": "Yes",
      "Run_Simultaneously": 1
    }
  ]
}