{
  "rows": [
    {
      "Homeowners": "Homeowner51",
      "Pincode": 560040,
      "Electricity_Bill": 2477,
      "No_of_People": 7,
      "UPS_Power_Backup": "No",
      "Dishwasher": "No",
      "Induction_stove": "No",
      "Microwave_oven": "Yes",
      "Geysers": "No",
      "AC_Heaters": "Yes",
      "Run_Simultaneously": 1
    },
    {
      "Homeowners": "Homeowner52",
      "Pincode": 560009,
      "Electricity_Bill": 3976,
      "No_of_People": 3,
      "UPS_Power_Backup": "Yes",
      "Dishwasher": "Yes",
      "Induction_stove": "No",
      "Microwave_oven": "No",
      "Geysers": "Yes",
      "Run_simultaneously": 1,
      "AC_Heaters": "Yes",
      "Run_Simultaneously": 2
    },
    {
      "Homeowners": "Homeowner53",
      "Pincode": 560047,
      "Electricity_Bill": 1682,
      "No_of_People": 6,
      "UPS_Power_Backup": "No",
      "Dishwasher": "No",
      "Induction_stove": "No",
      "Microwave_oven": "No",
      "Geysers": "No",
      "AC_Heaters": "Yes",
      "Run_Simultaneously": 1
    },
    {
      "Homeowners": "Homeowner54",
      "Pincode": 560003,
      "Electricity_Bill": 8721,
      "No_of_People": 8,
      "UPS_Power_Backup": "Yes",
      "Dishwasher": "No",
      "Induction_stove": "Yes",
      "Microwave_oven": "No",
      "Geysers": "No",
      "AC_Heaters": "Yes",
      "Run_Simultaneously": 3
    },
    {
      "Homeowners": "Homeowner55",
      "Pincode": 560028,
      "Electricity_Bill": 9330,
      "No_of_People": 9,
      "UPS_Power_Backup": "Yes",
      "Dishwasher": "Yes",
      "Induction_stove": "Yes",
      "Microwave_oven": "Yes",
      "Geysers": "Yes",
      "Run_simultaneously": 3,
      "AC_Heaters": "Yes",
      "Run_Simultaneously": 2
    },
    {
      "Homeowners": "Homeowner56",
      "Pincode": 560024,
      "Electricity_Bill": 8756,
      "No_of_People": 5,
      "UPS_Power_Backup": "No",
      "Dishwasher": "No",
      "Induction_stove": "Yes",
      "Microwave_oven": "Yes",
      "Geysers": "Yes",
      "Run_simultaneously": 1,
      "AC_Heaters": "No"
    },
    {
      "Homeowners": "Homeowner57",
      "Pincode": 560051,
      "Electricity_Bill": 5726,
      "No_of_People": 6,
      "UPS_Power_Backup": "Yes",
      "Dishwasher": "No",
      "Induction_stove": "No",
      "Microwave_oven": "No",
      "Geysers": "No",
      "AC_Heaters": "Yes",
      "Run_Simultaneously": 1
    },
    {
      "Homeowners": "Homeowner58",
      "Pincode": 560010,
      "Electricity_Bill": 2400,
      "No_of_People": 5,
      "UPS_Power_Backup": "No",
      "Dishwasher": "Yes",
      "Induction_stove": "No",
      "Microwave_oven": "No",
      "Geysers": "No",
      "AC_Heaters": "No"
    },
    {
      "Homeowners": "Homeowner59",
      "Pincode": 560025,
      "Electricity_Bill": 7189,
      "No_of_People": 6,
      "UPS_Power_Backup": "Yes",
      "Dishwasher": "Yes",
      "Induction_stove": "No",
      "Microwave_oven": "No",
      "Geysers": "Yes",
      "Run_simultaneously": 1,
      "AC_Heaters": "Yes",
      "Run_Simultaneously": 3
    },
    {
      "Homeowners": "Homeowner60",
      "Pincode": 400001,
      "Electricity_Bill": 1200,
      "No_of_People": 5,
      "UPS_Power_Backup": "No",
      "Dishwasher": "No",
      "Induction_stove": "No",
      "Microwave_oven": "Yes",
      "Geysers": "No",
      "AC_Heaters": "No"
    },
    {
      "Homeowners": "Homeowner61",
      "Pincode": 400008,
      "Electricity_Bill": 659,
      "No_of_People": 2,
      "UPS_Power_Backup": "No",
      "Dishwasher": "No",
      "Induction_stove": "No",
      "Microwave_oven": "No",
      "Geysers": "No",
      "AC_Heaters": "No"
    },
    {
      "Homeowners": "Homeowner62",
      "Pincode": 400002,
      "Electricity_Bill": 1043,
      "No_of_People": 4,
      "UPS_Power_Backup": "No",
      "Dishwasher": "No",
      "Induction_stove": "No",
      "Microwave_oven": "No",
      "Geysers": "No",
      "AC_Heaters": "No"
    },
    {
      "Homeowners": "Homeowner63",
      "Pincode": 400010,
      "Electricity_Bill": 935,
      "No_of_People": 1,
      "UPS_Power_Backup": "No",
      "Dishwasher": "No",
      "Induction_stove": "No",
      "Microwave_oven": "Yes",
      "Geysers": "No",
      "AC_Heaters": "No"
    },
    {
      "Homeowners": "Homeowner64",
      "Pincode": 400004,
      "Electricity_Bill": 892,
      "No_of_People": 3,
      "UPS_Power_Backup": "No",
      "Dishwasher": "No",
      "Induction_stove": "Yes",
      "Microwave_oven": "No",
      "Geysers": "No",
      "AC_Heaters": "No"
    },
    {
      "Homeowners": "Homeowner65",
      "Pincode": 400003,
      "Electricity_Bill": 1128,
      "No_of_People": 4,
      "UPS_Power_Backup": "Yes",
      "Dishwasher": "No",
      "Induction_stove": "No",
      "Microwave_oven": "No",
      "Geysers": "Yes",
      "Run_simultaneously": 1,
      "AC_Heaters": "No"
    },
    {
      "Homeowners": "Homeowner66",
      "Pincode": 400017,
      "Electricity_Bill": 3000,
      "No_of_People": 4,
      "UPS_Power_Backup": "Yes",
      "Dishwasher": "No",
      "Induction_stove": "No",
      "Microwave_oven": "No",
      "Geysers": "No",
      "AC_Heaters": "Yes",
      "Run_Simultaneously": 1
    },
    {
      "Homeowners": "Homeowner67",
      "Pincode": 400019,
      "Electricity_Bill": 4560,
      "No_of_People": 6,
      "UPS_Power_Backup": "No",
      "Dishwasher": "No",
      "Induction_stove": "No",
      "Microwave_oven": "No",
      "Geysers": "No",
      "AC_Heaters": "No"
    },
    {
      "Homeowners": "Homeowner68",
      "Pincode": 400005,
      "Electricity_Bill": 2600,
      "No_of_People": 5,
      "UPS_Power_Backup": "Yes",
      "Dishwasher": "Yes",
      "Induction_stove": "No",
      "Microwave_oven": "No",
      "Geysers": "No",
      "AC_Heaters": "No"
    },
    {
      "Homeowners": "Homeowner69",
      "Pincode": 400016,
      "Electricity_Bill": 3200,
      "No_of_People": 5,
      "UPS_Power_Backup": "Yes",
      "Dishwasher": "Yes",
      "Induction_stove": "No",
      "Microwave_oven": "No",
      "Geysers": "No",
      "AC_Heaters": "Yes",
      "Run_Simultaneously": 2
    },
    {
      "Homeowners": "Homeowner70",
      "Pincode": 400015,
      "Electricity_Bill": 3400,
      "No_of_People": 3,
      "UPS_Power_Backup": "Yes",
      "Dishwasher": "No",
      "Induction_stove": "No",
      "Microwave_oven": "Yes",
      "Geysers": "Yes",
      "Run_simultaneously": 1,
      "AC_Heaters": "No"
    },
    {
      "Homeowners": "Homeowner71",
      "Pincode": 400012,
      "Electricity_Bill": 2200,
      "No_of_People": 4,
      "UPS_Power_Backup": "No",
      "Dishwasher": "No",
      "Induction_stove": "Yes",
      "Microwave_oven": "Yes",
      "Geysers": "No",
      "AC_Heaters": "No"
    },
    {
      "Homeowners": "Homeowner72",
      "Pincode": 400014,
      "Electricity_Bill": 5600,
      "No_of_People": 3,
      "UPS_Power_Backup": "No",
      "Dishwasher": "No",
      "Induction_stove": "No",
      "Microwave_oven": "No",
      "Geysers": "Yes",
      "Run_simultaneously": 1,
      "AC_Heaters": "No"
    },
    {
      "Homeowners": "Homeowner73",
      "Pincode": 400011,
      "Electricity_Bill": 2900,
      "No_of_People": 4,
      "UPS_Power_Backup": "Yes",
      "Dishwasher": "No",
      "Induction_stove": "No",
      "Microwave_oven": "Yes",
      "Geysers": "No",
      "AC_Heaters": "Yes",
      "Run_Simultaneously": 1
    },
    {
      "Homeowners": "Homeowner74",
      "Pincode": 400002,
      "Electricity_Bill": 4673,
      "No_of_People": 9,
      "UPS_Power_Backup": "Yes",
      "Dishwasher": "Yes",
      "Induction_stove": "Yes",
      "Microwave_oven": "No",
      "Geysers": "Yes",
      "Run_simultaneously": 1,
      "AC_Heaters": "Yes",
      "Run_Simultaneously": 3
    },
    {
      "Homeowners": "Homeowner75",
      "Pincode": 400018,
      "Electricity_Bill": 2178,
      "No_of_People": 6,
      "UPS_Power_Backup": "Yes",
      "Dishwasher": "No",
      "Induction_stove": "No",
      "Microwave_oven": "No",
      "Geysers": "No",
      "AC_Heaters": "Yes",
      "Run_Simultaneously": 1
    }
  ]
}