role,fname,mobile,email,notify,user_type,add_line1,add_line2,add_line3,city,state,pincode,buffer
Admin,ABC,7777777777,admintest@glowsun.io,0,,Holi chowk ,Gandhinagar Rampuri,Muzaffarnagar,MZN,Uttar Pradesh,251001,0
Admin,Raman,,aman@121gmail.com,1,,Begrajpur,,Muzaffarnagar,MZN,Uttar Pradesh,251002,0
Call center,Avni,8989736364,avni89@oulook.in,1,,Kalkaji Mandir,Near DAV inter College Aarya Samaajh Road,Khatuli,Bangalore,Karnataka,560037,0
Call center,Deepak,6786835332,deepeekrabdisamoddhkdhd199@gmail.com,0,,Kalkaji Mandir,Geeta Colony,,Delhi,Delhi,110010,0
Mobile,This user has fifty characters as full name random,8765687765,ram@yahoo.co.in,1,1,Kalkaji Mandir,B-21 New Vihar,Near ABC School,Mumbai,Maharashtra,400011,0
Admin,ABC,7777777777,admintest@glowsun.io,0,,Holi chowk ,Gandhinagar Rampuri,Muzaffarnagar,MZN,Uttar Pradesh,251001,0
Mobile,Adil Faiz,9990989396,palravan121$$##@gmail.com,0,1,Ghanta ghar A-B block,Chowdhary charan singh University Meerut,Meerut,Meerut,Uttar Pradesh,250002,0
